{
  "project_info": {
    "project_number": "762142883151",
    "project_id": "rscp-swgr1-2024a",
    "storage_bucket": "rscp-swgr1-2024a.appspot.com"
  },
  "client": [
    {
      "client_info": {
        "mobilesdk_app_id": "1:762142883151:android:3e861aff36b6c31dae193a",
        "android_client_info": {
          "package_name": "com.example.a2024aswgr1rscp"
        }
      },
      "oauth_client": [],
      "api_key": [
        {
          "current_key": "AIzaSyCmtQFMPycjmSVyw11Y-Wqha1VPM8Icsqk"
        }
      ],
      "services": {
        "appinvite_service": {
          "other_platform_oauth_client": []
        }
      }
    }
  ],
  "configuration_version": "1"
}